target,n,n_features,r2,mse,rmse
score_percent,23,54,0.920043278417424,13.120031890836549,3.6221584574444763
